,제목,재생시간,조회수
0,알면서도 애써 모른 척했습니다... 끈기 있는 팀원에게 이 영상을 바칩니다!,5:43,조회수 15만회
1,[백종원 시장이 되다] 긴급! 예산 시장 중단 합니다❌,6:21,조회수 200만회
2,[백종원 시장이 되다 6화] 니들이 도래창맛을 알아? 이게 바로 신광정육점의 맛이여!🥩,12:42,조회수 59만회
3,더 이상의 부대찌개는 없습니다! 이걸로 끝내겠습니다,7:25,조회수 28만회
4,[백종원 시장이 되다 5화] 닭 볶다가 눈물과 땀을 동시에 흘린 사연은..?💧,11:51,조회수 43만회
5,장담하건대 내일 또 먹고 싶을 거예요,6:50,조회수 18만회
6,[백종원 시장이 되다 4화] 예산 시장 국수집! 이름이 '선봉'이면 국수가 공짜!?,12:28,조회수 78만회
7,술만 먹으면 자꾸 이거 찾게 된다니까요,6:33,조회수 198만회
8,[백종원 시장이 되다_3화] 드디어 시작이다! 닭바비큐? 닭바베큐! 한 번 먹으면 멈출 수 없을 걸?🍽,12:18,조회수 151만회
9,[백종원 시장이 되다_2화] 이거슨... 악몽인가... 길몽인가...! 예산 시장을 감싼 불길한 기운...!💦,13:06,조회수 162만회
10,요즘 [님아 그 시장을 가오]가 왜 안 올라오냐고요?,11:33,조회수 92만회
11,[백종원 시장이 되다_1화] 레트로 시장 살리기?! 시장 그 느낌 아니까~,14:09,조회수 117만회
12,[백종원 시장이 되다_0-1화] 궁금하셨을 이야기들! 다 말씀드리겠습니다.,5:14,조회수 70만회
13,[백종원 시장이 되다_0화] 백종원의 꿈 이뤄보려합니다. '시장'이 되겠습니다!,5:01,조회수 124만회
14,[님아 그 시장을 가오_EP. 20_해남] 해돋이는 모르겠고 소고기 먹으러 왔습니다,23:42,조회수 176만회
15,[MZ들이 장사하는 세상_ EP.03] 파브리 빌려주고 눈물의 대가리로 돌려받았습니다💦,14:06,조회수 35만회
16,[님아 그 시장을 가오_EP. 19_논산]  바쁘다 바빠~ 왼손에 술잔&오른손에 고기!  손이 쉴 틈이 없어요!,16:59,조회수 110만회
17,[MZ들이 장사하는 세상_ EP.02] 왜 우리를 버렸어요? 다... 돌려받을 겁니다. 대구에서 제일 맛있는 브런치로!,14:18,조회수 52만회
18,[님아 그 시장을 가오_EP. 18_속초] “사장님 국수는 어디 갔어요?” 국수 찾는 데 한참 걸렸습니다! 회 먹다 식사 끝나는 희한한 회국수집!,15:05,조회수 290만회
19,[MZ들이 장사하는 세상_EP.01] 말없이 대구까지 찾아가 브런치 혼내줬습니다 #내돈내산,11:19,조회수 112만회
20,[님아 그 시장을 가오_EP. 17_청양] 이 순두부찌개는 밥 두 공기가 기본입니다! 집 앞이면 매일 출근 도장 찍고 싶은 찐한 순두부찌개집!,21:37,조회수 189만회
21,‘취중JIN담’ 비하인드│예고,1:32,조회수 19만회
22,[님아 그 시장을 가오_EP. 16_제주] 제주도 가신다구요? 이 식당 하나만 알아두세요!,20:12,조회수 165만회
23,"[김치월드_JAPAN_EP. 02] 스트리트푸드파이터, 김치로 다시 시작합니다!",11:21,조회수 45만회
24,[님아 그 시장을 가오_EP.15_원주] 행복한 시간이었습니다 삼겹살은 역시 쌈이죠! (feat.쌈 하나~ 우리 술 한 잔~),16:41,조회수 167만회
25,[김치월드_JAPAN_EP. 01] 일본 다녀왔습니다,14:30,조회수 84만회
26,[님아 그 시장을 가오_EP. 14_진안] “이건 나와의 싸움이에요” 나오자마자 비주얼에 기선 제압당했습니다! 하루 딱 3시간만 영업하는 희한한 순대국밥집!,16:06,조회수 200만회
27,[님아 그 시장을 가오_EP. 13_진천] “저기... 실례지만 뭐 시키셨어요?” 여러분 조심하세요! 이 중국집에서 다른 테이블 쳐다보다간 두 그릇 먹게 됩니다!,16:05,조회수 230만회
28,[백종원 with BTS 진] 취중진담 TEASER,2:20,조회수 31만회
29,"[님아 그 시장을 가오_EP. 12_임실] ""혹시 다슬기 쏟으셨어요?!"" 다슬기 양념장부터 시작하는 풀코스! 밥 먹으러 갔다가 도시락까지 싸 오는 다슬기백반집!",20:59,조회수 219만회
